{"data":[{"ObjectIdentifier": "3EEB2B58-9E3D-4547-9725-839CEB8661A4", "Properties": {"domain": "RETRO2.VL", "name": "WMIGPO@RETRO2.VL", "distinguishedname": "CN=WMIGPO,CN=WMIPOLICY,CN=SYSTEM,DC=RETRO2,DC=VL", "domainsid": "S-1-5-21-1604173555-1041150481-2903404482", "highvalue": false, "description": "", "whencreated": 1723893840}, "IsDeleted": false, "IsACLProtected": false, "Aces": [{"RightName": "Owns", "IsInherited": false, "PrincipalSID": "S-1-5-21-1604173555-1041150481-2903404482-512", "PrincipalType": "Group"}, {"RightName": "WriteOwner", "IsInherited": false, "PrincipalSID": "S-1-5-21-1604173555-1041150481-2903404482-512", "PrincipalType": "Group"}, {"RightName": "WriteDacl", "IsInherited": false, "PrincipalSID": "S-1-5-21-1604173555-1041150481-2903404482-512", "PrincipalType": "Group"}, {"RightName": "GenericAll", "IsInherited": true, "PrincipalSID": "S-1-5-21-1604173555-1041150481-2903404482-519", "PrincipalType": "Group"}, {"RightName": "GenericAll", "IsInherited": true, "PrincipalSID": "S-1-5-21-1604173555-1041150481-2903404482-512", "PrincipalType": "Group"}], "ChildObjects": []},{"ObjectIdentifier": "47705BF6-4029-489A-A113-537557BCCDB8", "Properties": {"domain": "RETRO2.VL", "name": "POLICYTYPE@RETRO2.VL", "distinguishedname": "CN=POLICYTYPE,CN=WMIPOLICY,CN=SYSTEM,DC=RETRO2,DC=VL", "domainsid": "S-1-5-21-1604173555-1041150481-2903404482", "highvalue": false, "description": "", "whencreated": 1723893840}, "IsDeleted": false, "IsACLProtected": false, "Aces": [{"RightName": "Owns", "IsInherited": false, "PrincipalSID": "S-1-5-21-1604173555-1041150481-2903404482-512", "PrincipalType": "Group"}, {"RightName": "WriteOwner", "IsInherited": false, "PrincipalSID": "S-1-5-21-1604173555-1041150481-2903404482-512", "PrincipalType": "Group"}, {"RightName": "WriteDacl", "IsInherited": false, "PrincipalSID": "S-1-5-21-1604173555-1041150481-2903404482-512", "PrincipalType": "Group"}, {"RightName": "GenericAll", "IsInherited": true, "PrincipalSID": "S-1-5-21-1604173555-1041150481-2903404482-519", "PrincipalType": "Group"}, {"RightName": "GenericAll", "IsInherited": true, "PrincipalSID": "S-1-5-21-1604173555-1041150481-2903404482-512", "PrincipalType": "Group"}], "ChildObjects": []},{"ObjectIdentifier": "45B25231-48D4-4676-A3B0-DBE2E4AC3682", "Properties": {"domain": "RETRO2.VL", "name": "SOM@RETRO2.VL", "distinguishedname": "CN=SOM,CN=WMIPOLICY,CN=SYSTEM,DC=RETRO2,DC=VL", "domainsid": "S-1-5-21-1604173555-1041150481-2903404482", "highvalue": false, "description": "", "whencreated": 1723893840}, "IsDeleted": false, "IsACLProtected": true, "Aces": [{"RightName": "Owns", "IsInherited": false, "PrincipalSID": "S-1-5-21-1604173555-1041150481-2903404482-512", "PrincipalType": "Group"}, {"RightName": "GenericAll", "IsInherited": false, "PrincipalSID": "S-1-5-21-1604173555-1041150481-2903404482-512", "PrincipalType": "Group"}, {"RightName": "GenericAll", "IsInherited": false, "PrincipalSID": "S-1-5-21-1604173555-1041150481-2903404482-519", "PrincipalType": "Group"}], "ChildObjects": []},{"ObjectIdentifier": "F2A282CA-CF10-4D4C-A964-B23849167B9C", "Properties": {"domain": "RETRO2.VL", "name": "POLICYTEMPLATE@RETRO2.VL", "distinguishedname": "CN=POLICYTEMPLATE,CN=WMIPOLICY,CN=SYSTEM,DC=RETRO2,DC=VL", "domainsid": "S-1-5-21-1604173555-1041150481-2903404482", "highvalue": false, "description": "", "whencreated": 1723893840}, "IsDeleted": false, "IsACLProtected": false, "Aces": [{"RightName": "Owns", "IsInherited": false, "PrincipalSID": "S-1-5-21-1604173555-1041150481-2903404482-512", "PrincipalType": "Group"}, {"RightName": "WriteOwner", "IsInherited": false, "PrincipalSID": "S-1-5-21-1604173555-1041150481-2903404482-512", "PrincipalType": "Group"}, {"RightName": "WriteDacl", "IsInherited": false, "PrincipalSID": "S-1-5-21-1604173555-1041150481-2903404482-512", "PrincipalType": "Group"}, {"RightName": "GenericAll", "IsInherited": true, "PrincipalSID": "S-1-5-21-1604173555-1041150481-2903404482-519", "PrincipalType": "Group"}, {"RightName": "GenericAll", "IsInherited": true, "PrincipalSID": "S-1-5-21-1604173555-1041150481-2903404482-512", "PrincipalType": "Group"}], "ChildObjects": []},{"ObjectIdentifier": "9B30F976-629A-4B67-A086-73F833999E66", "Properties": {"domain": "RETRO2.VL", "name": "WMIPOLICY@RETRO2.VL", "distinguishedname": "CN=WMIPOLICY,CN=SYSTEM,DC=RETRO2,DC=VL", "domainsid": "S-1-5-21-1604173555-1041150481-2903404482", "highvalue": false, "description": "", "whencreated": 1723893840}, "IsDeleted": false, "IsACLProtected": true, "Aces": [{"RightName": "Owns", "IsInherited": false, "PrincipalSID": "S-1-5-21-1604173555-1041150481-2903404482-512", "PrincipalType": "Group"}, {"RightName": "GenericAll", "IsInherited": false, "PrincipalSID": "S-1-5-21-1604173555-1041150481-2903404482-519", "PrincipalType": "Group"}, {"RightName": "GenericAll", "IsInherited": false, "PrincipalSID": "S-1-5-21-1604173555-1041150481-2903404482-512", "PrincipalType": "Group"}], "ChildObjects": []},{"ObjectIdentifier": "9CEC8B47-95D5-4970-8670-22B76A3D6BB6", "Properties": {"domain": "RETRO2.VL", "name": "COMPARTITIONSETS@RETRO2.VL", "distinguishedname": "CN=COMPARTITIONSETS,CN=SYSTEM,DC=RETRO2,DC=VL", "domainsid": "S-1-5-21-1604173555-1041150481-2903404482", "highvalue": false, "description": "", "whencreated": 1723893840}, "IsDeleted": false, "IsACLProtected": false, "Aces": [{"RightName": "Owns", "IsInherited": false, "PrincipalSID": "S-1-5-21-1604173555-1041150481-2903404482-512", "PrincipalType": "Group"}, {"RightName": "WriteOwner", "IsInherited": false, "PrincipalSID": "S-1-5-21-1604173555-1041150481-2903404482-512", "PrincipalType": "Group"}, {"RightName": "WriteDacl", "IsInherited": false, "PrincipalSID": "S-1-5-21-1604173555-1041150481-2903404482-512", "PrincipalType": "Group"}, {"RightName": "GenericAll", "IsInherited": true, "PrincipalSID": "S-1-5-21-1604173555-1041150481-2903404482-519", "PrincipalType": "Group"}, {"RightName": "WriteOwner", "IsInherited": true, "PrincipalSID": "RETRO2.VL-S-1-5-32-544", "PrincipalType": "Group"}, {"RightName": "WriteDacl", "IsInherited": true, "PrincipalSID": "RETRO2.VL-S-1-5-32-544", "PrincipalType": "Group"}], "ChildObjects": []},{"ObjectIdentifier": "3D7A1C2E-00A7-46F1-8FE2-C7BF5A27A006", "Properties": {"domain": "RETRO2.VL", "name": "COMPARTITIONS@RETRO2.VL", "distinguishedname": "CN=COMPARTITIONS,CN=SYSTEM,DC=RETRO2,DC=VL", "domainsid": "S-1-5-21-1604173555-1041150481-2903404482", "highvalue": false, "description": "", "whencreated": 1723893840}, "IsDeleted": false, "IsACLProtected": false, "Aces": [{"RightName": "Owns", "IsInherited": false, "PrincipalSID": "S-1-5-21-1604173555-1041150481-2903404482-512", "PrincipalType": "Group"}, {"RightName": "WriteOwner", "IsInherited": false, "PrincipalSID": "S-1-5-21-1604173555-1041150481-2903404482-512", "PrincipalType": "Group"}, {"RightName": "WriteDacl", "IsInherited": false, "PrincipalSID": "S-1-5-21-1604173555-1041150481-2903404482-512", "PrincipalType": "Group"}, {"RightName": "GenericAll", "IsInherited": true, "PrincipalSID": "S-1-5-21-1604173555-1041150481-2903404482-519", "PrincipalType": "Group"}, {"RightName": "WriteOwner", "IsInherited": true, "PrincipalSID": "RETRO2.VL-S-1-5-32-544", "PrincipalType": "Group"}, {"RightName": "WriteDacl", "IsInherited": true, "PrincipalSID": "RETRO2.VL-S-1-5-32-544", "PrincipalType": "Group"}], "ChildObjects": []},{"ObjectIdentifier": "50FED6CE-73C6-4BD9-AF1E-71329542DDD2", "Properties": {"domain": "RETRO2.VL", "name": "ADMINSDHOLDER@RETRO2.VL", "distinguishedname": "CN=ADMINSDHOLDER,CN=SYSTEM,DC=RETRO2,DC=VL", "domainsid": "S-1-5-21-1604173555-1041150481-2903404482", "highvalue": false, "description": "", "whencreated": 1723893840}, "IsDeleted": false, "IsACLProtected": true, "Aces": [{"RightName": "Owns", "IsInherited": false, "PrincipalSID": "S-1-5-21-1604173555-1041150481-2903404482-512", "PrincipalType": "Group"}, {"RightName": "WriteOwner", "IsInherited": false, "PrincipalSID": "S-1-5-21-1604173555-1041150481-2903404482-512", "PrincipalType": "Group"}, {"RightName": "WriteDacl", "IsInherited": false, "PrincipalSID": "S-1-5-21-1604173555-1041150481-2903404482-512", "PrincipalType": "Group"}, {"RightName": "WriteOwner", "IsInherited": false, "PrincipalSID": "S-1-5-21-1604173555-1041150481-2903404482-519", "PrincipalType": "Group"}, {"RightName": "WriteDacl", "IsInherited": false, "PrincipalSID": "S-1-5-21-1604173555-1041150481-2903404482-519", "PrincipalType": "Group"}, {"RightName": "WriteOwner", "IsInherited": false, "PrincipalSID": "RETRO2.VL-S-1-5-32-544", "PrincipalType": "Group"}, {"RightName": "WriteDacl", "IsInherited": false, "PrincipalSID": "RETRO2.VL-S-1-5-32-544", "PrincipalType": "Group"}], "ChildObjects": []},{"ObjectIdentifier": "7FC9FCAF-0CE0-4616-BA23-1D247AEB951F", "Properties": {"domain": "RETRO2.VL", "name": "RAS AND IAS SERVERS ACCESS CHECK@RETRO2.VL", "distinguishedname": "CN=RAS AND IAS SERVERS ACCESS CHECK,CN=SYSTEM,DC=RETRO2,DC=VL", "domainsid": "S-1-5-21-1604173555-1041150481-2903404482", "highvalue": false, "description": "", "whencreated": 1723893840}, "IsDeleted": false, "IsACLProtected": false, "Aces": [{"RightName": "Owns", "IsInherited": false, "PrincipalSID": "S-1-5-21-1604173555-1041150481-2903404482-512", "PrincipalType": "Group"}, {"RightName": "WriteOwner", "IsInherited": false, "PrincipalSID": "S-1-5-21-1604173555-1041150481-2903404482-553", "PrincipalType": "Group"}, {"RightName": "WriteDacl", "IsInherited": false, "PrincipalSID": "S-1-5-21-1604173555-1041150481-2903404482-553", "PrincipalType": "Group"}, {"RightName": "GenericAll", "IsInherited": true, "PrincipalSID": "S-1-5-21-1604173555-1041150481-2903404482-519", "PrincipalType": "Group"}, {"RightName": "WriteOwner", "IsInherited": true, "PrincipalSID": "RETRO2.VL-S-1-5-32-544", "PrincipalType": "Group"}, {"RightName": "WriteDacl", "IsInherited": true, "PrincipalSID": "RETRO2.VL-S-1-5-32-544", "PrincipalType": "Group"}], "ChildObjects": []},{"ObjectIdentifier": "DCA4316A-E3DB-4C56-9609-5DE2EF9DED50", "Properties": {"domain": "RETRO2.VL", "name": "POLICIES@RETRO2.VL", "distinguishedname": "CN=POLICIES,CN=SYSTEM,DC=RETRO2,DC=VL", "domainsid": "S-1-5-21-1604173555-1041150481-2903404482", "highvalue": false, "description": "", "whencreated": 1723893840}, "IsDeleted": false, "IsACLProtected": false, "Aces": [{"RightName": "Owns", "IsInherited": false, "PrincipalSID": "S-1-5-21-1604173555-1041150481-2903404482-512", "PrincipalType": "Group"}, {"RightName": "WriteOwner", "IsInherited": false, "PrincipalSID": "S-1-5-21-1604173555-1041150481-2903404482-512", "PrincipalType": "Group"}, {"RightName": "WriteDacl", "IsInherited": false, "PrincipalSID": "S-1-5-21-1604173555-1041150481-2903404482-512", "PrincipalType": "Group"}, {"RightName": "GenericAll", "IsInherited": true, "PrincipalSID": "S-1-5-21-1604173555-1041150481-2903404482-519", "PrincipalType": "Group"}, {"RightName": "WriteOwner", "IsInherited": true, "PrincipalSID": "RETRO2.VL-S-1-5-32-544", "PrincipalType": "Group"}, {"RightName": "WriteDacl", "IsInherited": true, "PrincipalSID": "RETRO2.VL-S-1-5-32-544", "PrincipalType": "Group"}], "ChildObjects": []},{"ObjectIdentifier": "9BA38949-680E-49A0-A684-CE65A36D3EC1", "Properties": {"domain": "RETRO2.VL", "name": "MEETINGS@RETRO2.VL", "distinguishedname": "CN=MEETINGS,CN=SYSTEM,DC=RETRO2,DC=VL", "domainsid": "S-1-5-21-1604173555-1041150481-2903404482", "highvalue": false, "description": "", "whencreated": 1723893840}, "IsDeleted": false, "IsACLProtected": false, "Aces": [{"RightName": "Owns", "IsInherited": false, "PrincipalSID": "S-1-5-21-1604173555-1041150481-2903404482-512", "PrincipalType": "Group"}, {"RightName": "WriteOwner", "IsInherited": false, "PrincipalSID": "S-1-5-21-1604173555-1041150481-2903404482-512", "PrincipalType": "Group"}, {"RightName": "WriteDacl", "IsInherited": false, "PrincipalSID": "S-1-5-21-1604173555-1041150481-2903404482-512", "PrincipalType": "Group"}, {"RightName": "GenericAll", "IsInherited": true, "PrincipalSID": "S-1-5-21-1604173555-1041150481-2903404482-519", "PrincipalType": "Group"}, {"RightName": "WriteOwner", "IsInherited": true, "PrincipalSID": "RETRO2.VL-S-1-5-32-544", "PrincipalType": "Group"}, {"RightName": "WriteDacl", "IsInherited": true, "PrincipalSID": "RETRO2.VL-S-1-5-32-544", "PrincipalType": "Group"}], "ChildObjects": []},{"ObjectIdentifier": "D51DEA9C-C306-4112-9FF3-E20DAA1591F8", "Properties": {"domain": "RETRO2.VL", "name": "WINSOCKSERVICES@RETRO2.VL", "distinguishedname": "CN=WINSOCKSERVICES,CN=SYSTEM,DC=RETRO2,DC=VL", "domainsid": "S-1-5-21-1604173555-1041150481-2903404482", "highvalue": false, "description": "", "whencreated": 1723893840}, "IsDeleted": false, "IsACLProtected": false, "Aces": [{"RightName": "Owns", "IsInherited": false, "PrincipalSID": "S-1-5-21-1604173555-1041150481-2903404482-512", "PrincipalType": "Group"}, {"RightName": "WriteOwner", "IsInherited": false, "PrincipalSID": "S-1-5-21-1604173555-1041150481-2903404482-512", "PrincipalType": "Group"}, {"RightName": "WriteDacl", "IsInherited": false, "PrincipalSID": "S-1-5-21-1604173555-1041150481-2903404482-512", "PrincipalType": "Group"}, {"RightName": "GenericAll", "IsInherited": true, "PrincipalSID": "S-1-5-21-1604173555-1041150481-2903404482-519", "PrincipalType": "Group"}, {"RightName": "WriteOwner", "IsInherited": true, "PrincipalSID": "RETRO2.VL-S-1-5-32-544", "PrincipalType": "Group"}, {"RightName": "WriteDacl", "IsInherited": true, "PrincipalSID": "RETRO2.VL-S-1-5-32-544", "PrincipalType": "Group"}], "ChildObjects": []},{"ObjectIdentifier": "5ED3D8D5-F491-47CD-BBA2-F0BF9E961B15", "Properties": {"domain": "RETRO2.VL", "name": "MANAGED SERVICE ACCOUNTS@RETRO2.VL", "distinguishedname": "CN=MANAGED SERVICE ACCOUNTS,DC=RETRO2,DC=VL", "domainsid": "S-1-5-21-1604173555-1041150481-2903404482", "highvalue": false, "description": "Default container for managed service accounts", "whencreated": 1723893840}, "IsDeleted": false, "IsACLProtected": false, "Aces": [{"RightName": "Owns", "IsInherited": false, "PrincipalSID": "S-1-5-21-1604173555-1041150481-2903404482-512", "PrincipalType": "Group"}, {"RightName": "WriteOwner", "IsInherited": false, "PrincipalSID": "S-1-5-21-1604173555-1041150481-2903404482-512", "PrincipalType": "Group"}, {"RightName": "WriteDacl", "IsInherited": false, "PrincipalSID": "S-1-5-21-1604173555-1041150481-2903404482-512", "PrincipalType": "Group"}, {"RightName": "GenericAll", "IsInherited": true, "PrincipalSID": "S-1-5-21-1604173555-1041150481-2903404482-519", "PrincipalType": "Group"}, {"RightName": "WriteOwner", "IsInherited": true, "PrincipalSID": "RETRO2.VL-S-1-5-32-544", "PrincipalType": "Group"}, {"RightName": "WriteDacl", "IsInherited": true, "PrincipalSID": "RETRO2.VL-S-1-5-32-544", "PrincipalType": "Group"}], "ChildObjects": []},{"ObjectIdentifier": "07A5C35A-DD71-4C27-BA66-31F51939FAA2", "Properties": {"domain": "RETRO2.VL", "name": "MICROSOFT@RETRO2.VL", "distinguishedname": "CN=MICROSOFT,CN=PROGRAM DATA,DC=RETRO2,DC=VL", "domainsid": "S-1-5-21-1604173555-1041150481-2903404482", "highvalue": false, "description": "Default location for storage of Microsoft application data.", "whencreated": 1723893840}, "IsDeleted": false, "IsACLProtected": false, "Aces": [{"RightName": "Owns", "IsInherited": false, "PrincipalSID": "S-1-5-21-1604173555-1041150481-2903404482-512", "PrincipalType": "Group"}, {"RightName": "GenericAll", "IsInherited": false, "PrincipalSID": "S-1-5-21-1604173555-1041150481-2903404482-512", "PrincipalType": "Group"}, {"RightName": "GenericAll", "IsInherited": true, "PrincipalSID": "S-1-5-21-1604173555-1041150481-2903404482-519", "PrincipalType": "Group"}, {"RightName": "WriteOwner", "IsInherited": true, "PrincipalSID": "RETRO2.VL-S-1-5-32-544", "PrincipalType": "Group"}, {"RightName": "WriteDacl", "IsInherited": true, "PrincipalSID": "RETRO2.VL-S-1-5-32-544", "PrincipalType": "Group"}], "ChildObjects": []},{"ObjectIdentifier": "C46940C9-B25B-45C1-98F7-5EE082852456", "Properties": {"domain": "RETRO2.VL", "name": "PROGRAM DATA@RETRO2.VL", "distinguishedname": "CN=PROGRAM DATA,DC=RETRO2,DC=VL", "domainsid": "S-1-5-21-1604173555-1041150481-2903404482", "highvalue": false, "description": "Default location for storage of application data.", "whencreated": 1723893840}, "IsDeleted": false, "IsACLProtected": false, "Aces": [{"RightName": "Owns", "IsInherited": false, "PrincipalSID": "S-1-5-21-1604173555-1041150481-2903404482-512", "PrincipalType": "Group"}, {"RightName": "GenericAll", "IsInherited": false, "PrincipalSID": "S-1-5-21-1604173555-1041150481-2903404482-512", "PrincipalType": "Group"}, {"RightName": "GenericAll", "IsInherited": true, "PrincipalSID": "S-1-5-21-1604173555-1041150481-2903404482-519", "PrincipalType": "Group"}, {"RightName": "WriteOwner", "IsInherited": true, "PrincipalSID": "RETRO2.VL-S-1-5-32-544", "PrincipalType": "Group"}, {"RightName": "WriteDacl", "IsInherited": true, "PrincipalSID": "RETRO2.VL-S-1-5-32-544", "PrincipalType": "Group"}], "ChildObjects": []},{"ObjectIdentifier": "D60834F2-B8E8-4550-BC49-C9B1872852AA", "Properties": {"domain": "RETRO2.VL", "name": "FOREIGNSECURITYPRINCIPALS@RETRO2.VL", "distinguishedname": "CN=FOREIGNSECURITYPRINCIPALS,DC=RETRO2,DC=VL", "domainsid": "S-1-5-21-1604173555-1041150481-2903404482", "highvalue": false, "description": "Default container for security identifiers (SIDs) associated with objects from external, trusted domains", "whencreated": 1723893840}, "IsDeleted": false, "IsACLProtected": false, "Aces": [{"RightName": "Owns", "IsInherited": false, "PrincipalSID": "S-1-5-21-1604173555-1041150481-2903404482-512", "PrincipalType": "Group"}, {"RightName": "GenericAll", "IsInherited": false, "PrincipalSID": "S-1-5-21-1604173555-1041150481-2903404482-512", "PrincipalType": "Group"}, {"RightName": "GenericAll", "IsInherited": true, "PrincipalSID": "S-1-5-21-1604173555-1041150481-2903404482-519", "PrincipalType": "Group"}, {"RightName": "WriteOwner", "IsInherited": true, "PrincipalSID": "RETRO2.VL-S-1-5-32-544", "PrincipalType": "Group"}, {"RightName": "WriteDacl", "IsInherited": true, "PrincipalSID": "RETRO2.VL-S-1-5-32-544", "PrincipalType": "Group"}], "ChildObjects": []},{"ObjectIdentifier": "2772E410-F987-4DAD-A2D9-7A4108371049", "Properties": {"domain": "RETRO2.VL", "name": "SYSTEM@RETRO2.VL", "distinguishedname": "CN=SYSTEM,DC=RETRO2,DC=VL", "domainsid": "S-1-5-21-1604173555-1041150481-2903404482", "highvalue": false, "description": "Builtin system settings", "whencreated": 1723893840}, "IsDeleted": false, "IsACLProtected": false, "Aces": [{"RightName": "Owns", "IsInherited": false, "PrincipalSID": "S-1-5-21-1604173555-1041150481-2903404482-512", "PrincipalType": "Group"}, {"RightName": "WriteOwner", "IsInherited": false, "PrincipalSID": "S-1-5-21-1604173555-1041150481-2903404482-512", "PrincipalType": "Group"}, {"RightName": "WriteDacl", "IsInherited": false, "PrincipalSID": "S-1-5-21-1604173555-1041150481-2903404482-512", "PrincipalType": "Group"}, {"RightName": "GenericAll", "IsInherited": true, "PrincipalSID": "S-1-5-21-1604173555-1041150481-2903404482-519", "PrincipalType": "Group"}, {"RightName": "WriteOwner", "IsInherited": true, "PrincipalSID": "RETRO2.VL-S-1-5-32-544", "PrincipalType": "Group"}, {"RightName": "WriteDacl", "IsInherited": true, "PrincipalSID": "RETRO2.VL-S-1-5-32-544", "PrincipalType": "Group"}], "ChildObjects": []},{"ObjectIdentifier": "1D4F7DEF-E1CE-4BBF-B71E-F88C961E42CF", "Properties": {"domain": "RETRO2.VL", "name": "COMPUTERS@RETRO2.VL", "distinguishedname": "CN=COMPUTERS,DC=RETRO2,DC=VL", "domainsid": "S-1-5-21-1604173555-1041150481-2903404482", "highvalue": false, "description": "Default container for upgraded computer accounts", "whencreated": 1723893840}, "IsDeleted": false, "IsACLProtected": false, "Aces": [{"RightName": "Owns", "IsInherited": false, "PrincipalSID": "S-1-5-21-1604173555-1041150481-2903404482-512", "PrincipalType": "Group"}, {"RightName": "WriteOwner", "IsInherited": false, "PrincipalSID": "S-1-5-21-1604173555-1041150481-2903404482-512", "PrincipalType": "Group"}, {"RightName": "WriteDacl", "IsInherited": false, "PrincipalSID": "S-1-5-21-1604173555-1041150481-2903404482-512", "PrincipalType": "Group"}, {"RightName": "GenericAll", "IsInherited": true, "PrincipalSID": "S-1-5-21-1604173555-1041150481-2903404482-519", "PrincipalType": "Group"}, {"RightName": "WriteOwner", "IsInherited": true, "PrincipalSID": "RETRO2.VL-S-1-5-32-544", "PrincipalType": "Group"}, {"RightName": "WriteDacl", "IsInherited": true, "PrincipalSID": "RETRO2.VL-S-1-5-32-544", "PrincipalType": "Group"}], "ChildObjects": [{"ObjectIdentifier": "S-1-5-21-1604173555-1041150481-2903404482-1132", "ObjectType": "Computer"}, {"ObjectIdentifier": "S-1-5-21-1604173555-1041150481-2903404482-1131", "ObjectType": "Computer"}, {"ObjectIdentifier": "S-1-5-21-1604173555-1041150481-2903404482-1127", "ObjectType": "Computer"}]},{"ObjectIdentifier": "94318164-D656-4BDC-B1DD-A1495A8E014A", "Properties": {"domain": "RETRO2.VL", "name": "USERS@RETRO2.VL", "distinguishedname": "CN=USERS,DC=RETRO2,DC=VL", "domainsid": "S-1-5-21-1604173555-1041150481-2903404482", "highvalue": false, "description": "Default container for upgraded user accounts", "whencreated": 1723893840}, "IsDeleted": false, "IsACLProtected": false, "Aces": [{"RightName": "Owns", "IsInherited": false, "PrincipalSID": "S-1-5-21-1604173555-1041150481-2903404482-512", "PrincipalType": "Group"}, {"RightName": "WriteOwner", "IsInherited": false, "PrincipalSID": "S-1-5-21-1604173555-1041150481-2903404482-512", "PrincipalType": "Group"}, {"RightName": "WriteDacl", "IsInherited": false, "PrincipalSID": "S-1-5-21-1604173555-1041150481-2903404482-512", "PrincipalType": "Group"}, {"RightName": "GenericAll", "IsInherited": true, "PrincipalSID": "S-1-5-21-1604173555-1041150481-2903404482-519", "PrincipalType": "Group"}, {"RightName": "WriteOwner", "IsInherited": true, "PrincipalSID": "RETRO2.VL-S-1-5-32-544", "PrincipalType": "Group"}, {"RightName": "WriteDacl", "IsInherited": true, "PrincipalSID": "RETRO2.VL-S-1-5-32-544", "PrincipalType": "Group"}], "ChildObjects": [{"ObjectIdentifier": "S-1-5-21-1604173555-1041150481-2903404482-1129", "ObjectType": "Group"}, {"ObjectIdentifier": "S-1-5-21-1604173555-1041150481-2903404482-518", "ObjectType": "Group"}, {"ObjectIdentifier": "S-1-5-21-1604173555-1041150481-2903404482-521", "ObjectType": "Group"}, {"ObjectIdentifier": "S-1-5-21-1604173555-1041150481-2903404482-553", "ObjectType": "Group"}, {"ObjectIdentifier": "S-1-5-21-1604173555-1041150481-2903404482-1130", "ObjectType": "User"}, {"ObjectIdentifier": "S-1-5-21-1604173555-1041150481-2903404482-502", "ObjectType": "User"}, {"ObjectIdentifier": "S-1-5-21-1604173555-1041150481-2903404482-1128", "ObjectType": "User"}, {"ObjectIdentifier": "S-1-5-21-1604173555-1041150481-2903404482-501", "ObjectType": "User"}, {"ObjectIdentifier": "S-1-5-21-1604173555-1041150481-2903404482-520", "ObjectType": "Group"}, {"ObjectIdentifier": "S-1-5-21-1604173555-1041150481-2903404482-498", "ObjectType": "Group"}, {"ObjectIdentifier": "S-1-5-21-1604173555-1041150481-2903404482-519", "ObjectType": "Group"}, {"ObjectIdentifier": "S-1-5-21-1604173555-1041150481-2903404482-513", "ObjectType": "Group"}, {"ObjectIdentifier": "S-1-5-21-1604173555-1041150481-2903404482-514", "ObjectType": "Group"}, {"ObjectIdentifier": "S-1-5-21-1604173555-1041150481-2903404482-516", "ObjectType": "Group"}, {"ObjectIdentifier": "S-1-5-21-1604173555-1041150481-2903404482-515", "ObjectType": "Group"}, {"ObjectIdentifier": "S-1-5-21-1604173555-1041150481-2903404482-512", "ObjectType": "Group"}, {"ObjectIdentifier": "S-1-5-21-1604173555-1041150481-2903404482-1103", "ObjectType": "Group"}, {"ObjectIdentifier": "S-1-5-21-1604173555-1041150481-2903404482-1102", "ObjectType": "Group"}, {"ObjectIdentifier": "S-1-5-21-1604173555-1041150481-2903404482-572", "ObjectType": "Group"}, {"ObjectIdentifier": "S-1-5-21-1604173555-1041150481-2903404482-517", "ObjectType": "Group"}, {"ObjectIdentifier": "S-1-5-21-1604173555-1041150481-2903404482-571", "ObjectType": "Group"}, {"ObjectIdentifier": "S-1-5-21-1604173555-1041150481-2903404482-500", "ObjectType": "User"}, {"ObjectIdentifier": "S-1-5-21-1604173555-1041150481-2903404482-1000", "ObjectType": "User"}]}],"meta":{"methods":0,"type":"containers","count":19, "version":5}}