{"data":[{"ObjectIdentifier": "S-1-5-21-1604173555-1041150481-2903404482-1132", "AllowedToAct": [], "PrimaryGroupSID": "S-1-5-21-1604173555-1041150481-2903404482-515", "LocalAdmins": {"Collected": false, "FailureReason": null, "Results": []}, "PSRemoteUsers": {"Collected": false, "FailureReason": null, "Results": []}, "Properties": {"name": "FS02.RETRO2.VL", "domainsid": "S-1-5-21-1604173555-1041150481-2903404482", "domain": "RETRO2.VL", "distinguishedname": "CN=FS02,CN=COMPUTERS,DC=RETRO2,DC=VL", "unconstraineddelegation": false, "enabled": true, "trustedtoauth": false, "samaccountname": "FS02$", "haslaps": false, "lastlogon": 0, "lastlogontimestamp": -1, "pwdlastset": 1723904677, "whencreated": 1723904677, "serviceprincipalnames": [], "description": null, "operatingsystem": null, "sidhistory": []}, "RemoteDesktopUsers": {"Collected": false, "FailureReason": null, "Results": []}, "DcomUsers": {"Collected": false, "FailureReason": null, "Results": []}, "AllowedToDelegate": [], "Sessions": {"Collected": false, "FailureReason": null, "Results": []}, "PrivilegedSessions": {"Collected": false, "FailureReason": null, "Results": []}, "RegistrySessions": {"Collected": false, "FailureReason": null, "Results": []}, "Aces": [{"RightName": "Owns", "IsInherited": false, "PrincipalSID": "S-1-5-21-1604173555-1041150481-2903404482-512", "PrincipalType": "Group"}, {"RightName": "GenericWrite", "IsInherited": false, "PrincipalSID": "S-1-5-21-1604173555-1041150481-2903404482-515", "PrincipalType": "Group"}, {"RightName": "GenericAll", "IsInherited": false, "PrincipalSID": "S-1-5-21-1604173555-1041150481-2903404482-512", "PrincipalType": "Group"}, {"RightName": "GenericAll", "IsInherited": false, "PrincipalSID": "RETRO2.VL-S-1-5-32-548", "PrincipalType": "Group"}, {"RightName": "GenericAll", "IsInherited": true, "PrincipalSID": "S-1-5-21-1604173555-1041150481-2903404482-519", "PrincipalType": "Group"}, {"RightName": "GenericWrite", "IsInherited": true, "PrincipalSID": "RETRO2.VL-S-1-5-32-544", "PrincipalType": "Group"}, {"RightName": "WriteOwner", "IsInherited": true, "PrincipalSID": "RETRO2.VL-S-1-5-32-544", "PrincipalType": "Group"}, {"RightName": "WriteDacl", "IsInherited": true, "PrincipalSID": "RETRO2.VL-S-1-5-32-544", "PrincipalType": "Group"}], "HasSIDHistory": [], "IsDeleted": false, "Status": null, "IsACLProtected": false},{"ObjectIdentifier": "S-1-5-21-1604173555-1041150481-2903404482-1131", "AllowedToAct": [], "PrimaryGroupSID": "S-1-5-21-1604173555-1041150481-2903404482-515", "LocalAdmins": {"Collected": false, "FailureReason": null, "Results": []}, "PSRemoteUsers": {"Collected": false, "FailureReason": null, "Results": []}, "Properties": {"name": "FS01.RETRO2.VL", "domainsid": "S-1-5-21-1604173555-1041150481-2903404482", "domain": "RETRO2.VL", "distinguishedname": "CN=FS01,CN=COMPUTERS,DC=RETRO2,DC=VL", "unconstraineddelegation": false, "enabled": true, "trustedtoauth": false, "samaccountname": "FS01$", "haslaps": false, "lastlogon": 0, "lastlogontimestamp": -1, "pwdlastset": 1723904662, "whencreated": 1723904662, "serviceprincipalnames": [], "description": null, "operatingsystem": null, "sidhistory": []}, "RemoteDesktopUsers": {"Collected": false, "FailureReason": null, "Results": []}, "DcomUsers": {"Collected": false, "FailureReason": null, "Results": []}, "AllowedToDelegate": [], "Sessions": {"Collected": false, "FailureReason": null, "Results": []}, "PrivilegedSessions": {"Collected": false, "FailureReason": null, "Results": []}, "RegistrySessions": {"Collected": false, "FailureReason": null, "Results": []}, "Aces": [{"RightName": "Owns", "IsInherited": false, "PrincipalSID": "S-1-5-21-1604173555-1041150481-2903404482-512", "PrincipalType": "Group"}, {"RightName": "GenericWrite", "IsInherited": false, "PrincipalSID": "S-1-5-21-1604173555-1041150481-2903404482-515", "PrincipalType": "Group"}, {"RightName": "GenericAll", "IsInherited": false, "PrincipalSID": "S-1-5-21-1604173555-1041150481-2903404482-512", "PrincipalType": "Group"}, {"RightName": "GenericAll", "IsInherited": false, "PrincipalSID": "RETRO2.VL-S-1-5-32-548", "PrincipalType": "Group"}, {"RightName": "GenericAll", "IsInherited": true, "PrincipalSID": "S-1-5-21-1604173555-1041150481-2903404482-519", "PrincipalType": "Group"}, {"RightName": "GenericWrite", "IsInherited": true, "PrincipalSID": "RETRO2.VL-S-1-5-32-544", "PrincipalType": "Group"}, {"RightName": "WriteOwner", "IsInherited": true, "PrincipalSID": "RETRO2.VL-S-1-5-32-544", "PrincipalType": "Group"}, {"RightName": "WriteDacl", "IsInherited": true, "PrincipalSID": "RETRO2.VL-S-1-5-32-544", "PrincipalType": "Group"}], "HasSIDHistory": [], "IsDeleted": false, "Status": null, "IsACLProtected": false},{"ObjectIdentifier": "S-1-5-21-1604173555-1041150481-2903404482-1127", "AllowedToAct": [], "PrimaryGroupSID": "S-1-5-21-1604173555-1041150481-2903404482-515", "LocalAdmins": {"Collected": false, "FailureReason": null, "Results": []}, "PSRemoteUsers": {"Collected": false, "FailureReason": null, "Results": []}, "Properties": {"name": "ADMWS01.RETRO2.VL", "domainsid": "S-1-5-21-1604173555-1041150481-2903404482", "domain": "RETRO2.VL", "distinguishedname": "CN=ADMWS01,CN=COMPUTERS,DC=RETRO2,DC=VL", "unconstraineddelegation": false, "enabled": true, "trustedtoauth": false, "samaccountname": "ADMWS01$", "haslaps": false, "lastlogon": 0, "lastlogontimestamp": -1, "pwdlastset": 1723894687, "whencreated": 1723894687, "serviceprincipalnames": [], "description": null, "operatingsystem": null, "sidhistory": []}, "RemoteDesktopUsers": {"Collected": false, "FailureReason": null, "Results": []}, "DcomUsers": {"Collected": false, "FailureReason": null, "Results": []}, "AllowedToDelegate": [], "Sessions": {"Collected": false, "FailureReason": null, "Results": []}, "PrivilegedSessions": {"Collected": false, "FailureReason": null, "Results": []}, "RegistrySessions": {"Collected": false, "FailureReason": null, "Results": []}, "Aces": [{"RightName": "Owns", "IsInherited": false, "PrincipalSID": "S-1-5-21-1604173555-1041150481-2903404482-1000", "PrincipalType": "User"}, {"RightName": "WriteAccountRestrictions", "IsInherited": false, "PrincipalSID": "S-1-5-21-1604173555-1041150481-2903404482-1000", "PrincipalType": "User"}, {"RightName": "GenericWrite", "IsInherited": false, "PrincipalSID": "S-1-5-21-1604173555-1041150481-2903404482-515", "PrincipalType": "Group"}, {"RightName": "AllExtendedRights", "IsInherited": false, "PrincipalSID": "S-1-5-21-1604173555-1041150481-2903404482-1000", "PrincipalType": "User"}, {"RightName": "GenericAll", "IsInherited": false, "PrincipalSID": "S-1-5-21-1604173555-1041150481-2903404482-512", "PrincipalType": "Group"}, {"RightName": "GenericAll", "IsInherited": false, "PrincipalSID": "RETRO2.VL-S-1-5-32-548", "PrincipalType": "Group"}, {"RightName": "GenericAll", "IsInherited": true, "PrincipalSID": "S-1-5-21-1604173555-1041150481-2903404482-519", "PrincipalType": "Group"}, {"RightName": "GenericWrite", "IsInherited": true, "PrincipalSID": "RETRO2.VL-S-1-5-32-544", "PrincipalType": "Group"}, {"RightName": "WriteOwner", "IsInherited": true, "PrincipalSID": "RETRO2.VL-S-1-5-32-544", "PrincipalType": "Group"}, {"RightName": "WriteDacl", "IsInherited": true, "PrincipalSID": "RETRO2.VL-S-1-5-32-544", "PrincipalType": "Group"}], "HasSIDHistory": [], "IsDeleted": false, "Status": null, "IsACLProtected": false},{"ObjectIdentifier": "S-1-5-21-1604173555-1041150481-2903404482-1001", "AllowedToAct": [], "PrimaryGroupSID": "S-1-5-21-1604173555-1041150481-2903404482-516", "LocalAdmins": {"Collected": true, "FailureReason": null, "Results": [{"ObjectIdentifier": "S-1-5-21-1604173555-1041150481-2903404482-500", "ObjectType": "User"}, {"ObjectIdentifier": "S-1-5-21-1604173555-1041150481-2903404482-1000", "ObjectType": "User"}, {"ObjectIdentifier": "S-1-5-21-1604173555-1041150481-2903404482-519", "ObjectType": "Group"}, {"ObjectIdentifier": "S-1-5-21-1604173555-1041150481-2903404482-512", "ObjectType": "Group"}]}, "PSRemoteUsers": {"Collected": true, "FailureReason": null, "Results": []}, "Properties": {"name": "BLN01.RETRO2.VL", "domainsid": "S-1-5-21-1604173555-1041150481-2903404482", "domain": "RETRO2.VL", "distinguishedname": "CN=BLN01,OU=DOMAIN CONTROLLERS,DC=RETRO2,DC=VL", "unconstraineddelegation": true, "enabled": true, "trustedtoauth": false, "samaccountname": "BLN01$", "haslaps": false, "lastlogon": 1758413075, "lastlogontimestamp": 1758413055, "pwdlastset": 1758413045, "whencreated": 1723893887, "serviceprincipalnames": ["ldap/BLN01.retro2.vl/ForestDnsZones.retro2.vl", "ldap/BLN01.retro2.vl/DomainDnsZones.retro2.vl", "TERMSRV/BLN01", "TERMSRV/BLN01.retro2.vl", "Dfsr-12F9A27C-BF97-4787-9364-D31B6C55EB04/BLN01.retro2.vl", "DNS/BLN01.retro2.vl", "GC/BLN01.retro2.vl/retro2.vl", "RestrictedKrbHost/BLN01.retro2.vl", "RestrictedKrbHost/BLN01", "HOST/BLN01/RETRO2", "HOST/BLN01.retro2.vl/RETRO2", "HOST/BLN01", "HOST/BLN01.retro2.vl", "HOST/BLN01.retro2.vl/retro2.vl", "E3514235-4B06-11D1-AB04-00C04FC2DCD2/6f62fce7-80fb-4014-8ccb-26a1720ee5dc/retro2.vl", "ldap/BLN01/RETRO2", "ldap/6f62fce7-80fb-4014-8ccb-26a1720ee5dc._msdcs.retro2.vl", "ldap/BLN01.retro2.vl/RETRO2", "ldap/BLN01", "ldap/BLN01.retro2.vl", "ldap/BLN01.retro2.vl/retro2.vl"], "description": null, "operatingsystem": "Windows Server 2008 R2 Datacenter Service Pack 1", "sidhistory": []}, "RemoteDesktopUsers": {"Collected": true, "FailureReason": null, "Results": [{"ObjectIdentifier": "S-1-5-21-1604173555-1041150481-2903404482-1129", "ObjectType": "Group"}]}, "DcomUsers": {"Collected": true, "FailureReason": null, "Results": []}, "AllowedToDelegate": [], "Sessions": {"Collected": true, "FailureReason": null, "Results": []}, "PrivilegedSessions": {"Collected": false, "FailureReason": null, "Results": []}, "RegistrySessions": {"Collected": false, "FailureReason": null, "Results": []}, "Aces": [{"RightName": "Owns", "IsInherited": false, "PrincipalSID": "S-1-5-21-1604173555-1041150481-2903404482-512", "PrincipalType": "Group"}, {"RightName": "GenericAll", "IsInherited": false, "PrincipalSID": "S-1-5-21-1604173555-1041150481-2903404482-512", "PrincipalType": "Group"}, {"RightName": "GenericAll", "IsInherited": true, "PrincipalSID": "S-1-5-21-1604173555-1041150481-2903404482-519", "PrincipalType": "Group"}, {"RightName": "GenericWrite", "IsInherited": true, "PrincipalSID": "RETRO2.VL-S-1-5-32-544", "PrincipalType": "Group"}, {"RightName": "WriteOwner", "IsInherited": true, "PrincipalSID": "RETRO2.VL-S-1-5-32-544", "PrincipalType": "Group"}, {"RightName": "WriteDacl", "IsInherited": true, "PrincipalSID": "RETRO2.VL-S-1-5-32-544", "PrincipalType": "Group"}], "HasSIDHistory": [], "IsDeleted": false, "Status": null, "IsACLProtected": false}],"meta":{"methods":0,"type":"computers","count":4, "version":5}}