{"data": [{"ObjectIdentifier": "S-1-5-21-1604173555-1041150481-2903404482", "Properties": {"name": "RETRO2.VL", "domain": "RETRO2.VL", "domainsid": "S-1-5-21-1604173555-1041150481-2903404482", "distinguishedname": "DC=RETRO2,DC=VL", "description": "", "functionallevel": "2008 R2", "highvalue": true, "whencreated": 1723893834}, "Trusts": [], "Aces": [{"RightName": "Owns", "IsInherited": false, "PrincipalSID": "RETRO2.VL-S-1-5-32-544", "PrincipalType": "Group"}, {"RightName": "GetChanges", "IsInherited": false, "PrincipalSID": "S-1-5-21-1604173555-1041150481-2903404482-498", "PrincipalType": "Group"}, {"RightName": "GetChangesAll", "IsInherited": false, "PrincipalSID": "S-1-5-21-1604173555-1041150481-2903404482-516", "PrincipalType": "Group"}, {"RightName": "GetChangesInFilteredSet", "IsInherited": false, "PrincipalSID": "RETRO2.VL-S-1-5-32-544", "PrincipalType": "Group"}, {"RightName": "GetChanges", "IsInherited": false, "PrincipalSID": "RETRO2.VL-S-1-5-32-544", "PrincipalType": "Group"}, {"RightName": "GetChangesAll", "IsInherited": false, "PrincipalSID": "RETRO2.VL-S-1-5-32-544", "PrincipalType": "Group"}, {"RightName": "GetChangesInFilteredSet", "IsInherited": false, "PrincipalSID": "RETRO2.VL-S-1-5-9", "PrincipalType": "Group"}, {"RightName": "GetChanges", "IsInherited": false, "PrincipalSID": "RETRO2.VL-S-1-5-9", "PrincipalType": "Group"}, {"RightName": "WriteOwner", "IsInherited": false, "PrincipalSID": "S-1-5-21-1604173555-1041150481-2903404482-512", "PrincipalType": "Group"}, {"RightName": "AllExtendedRights", "IsInherited": false, "PrincipalSID": "S-1-5-21-1604173555-1041150481-2903404482-512", "PrincipalType": "Group"}, {"RightName": "WriteDacl", "IsInherited": false, "PrincipalSID": "S-1-5-21-1604173555-1041150481-2903404482-512", "PrincipalType": "Group"}, {"RightName": "GenericAll", "IsInherited": false, "PrincipalSID": "S-1-5-21-1604173555-1041150481-2903404482-519", "PrincipalType": "Group"}, {"RightName": "WriteOwner", "IsInherited": false, "PrincipalSID": "RETRO2.VL-S-1-5-32-544", "PrincipalType": "Group"}, {"RightName": "AllExtendedRights", "IsInherited": false, "PrincipalSID": "RETRO2.VL-S-1-5-32-544", "PrincipalType": "Group"}, {"RightName": "WriteDacl", "IsInherited": false, "PrincipalSID": "RETRO2.VL-S-1-5-32-544", "PrincipalType": "Group"}], "Links": [{"IsEnforced": false, "GUID": "A13574B3-59B7-46D9-A18A-BBF310F57F87"}], "ChildObjects": [{"ObjectIdentifier": "94318164-D656-4BDC-B1DD-A1495A8E014A", "ObjectType": "Container"}, {"ObjectIdentifier": "CCF6112A-C29A-493F-8CED-CC1397DF8F9E", "ObjectType": "OU"}, {"ObjectIdentifier": "5ED3D8D5-F491-47CD-BBA2-F0BF9E961B15", "ObjectType": "Container"}, {"ObjectIdentifier": "D60834F2-B8E8-4550-BC49-C9B1872852AA", "ObjectType": "Container"}, {"ObjectIdentifier": "9E3B4386-E5A6-44C5-AA50-273C4433B13D", "ObjectType": "OU"}, {"ObjectIdentifier": "1D4F7DEF-E1CE-4BBF-B71E-F88C961E42CF", "ObjectType": "Container"}], "GPOChanges": {"AffectedComputers": [], "DcomUsers": [], "LocalAdmins": [], "PSRemoteUsers": [], "RemoteDesktopUsers": []}, "IsDeleted": false, "IsACLProtected": false}], "meta": {"type": "domains", "count": 1, "version": 5}}