{"data":[{"ObjectIdentifier": "CCF6112A-C29A-493F-8CED-CC1397DF8F9E", "Properties": {"domain": "RETRO2.VL", "name": "STAFF@RETRO2.VL", "distinguishedname": "OU=STAFF,DC=RETRO2,DC=VL", "domainsid": "S-1-5-21-1604173555-1041150481-2903404482", "highvalue": false, "blocksinheritance": false, "description": null, "whencreated": 1723894367}, "IsDeleted": false, "IsACLProtected": false, "Aces": [{"RightName": "Owns", "IsInherited": false, "PrincipalSID": "S-1-5-21-1604173555-1041150481-2903404482-1000", "PrincipalType": "User"}, {"RightName": "GenericAll", "IsInherited": false, "PrincipalSID": "S-1-5-21-1604173555-1041150481-2903404482-512", "PrincipalType": "Group"}, {"RightName": "GenericAll", "IsInherited": true, "PrincipalSID": "S-1-5-21-1604173555-1041150481-2903404482-519", "PrincipalType": "Group"}, {"RightName": "GenericWrite", "IsInherited": true, "PrincipalSID": "RETRO2.VL-S-1-5-32-544", "PrincipalType": "Group"}, {"RightName": "WriteOwner", "IsInherited": true, "PrincipalSID": "RETRO2.VL-S-1-5-32-544", "PrincipalType": "Group"}, {"RightName": "WriteDacl", "IsInherited": true, "PrincipalSID": "RETRO2.VL-S-1-5-32-544", "PrincipalType": "Group"}], "Links": [], "ChildObjects": [{"ObjectIdentifier": "S-1-5-21-1604173555-1041150481-2903404482-1104", "ObjectType": "Group"}, {"ObjectIdentifier": "S-1-5-21-1604173555-1041150481-2903404482-1113", "ObjectType": "User"}, {"ObjectIdentifier": "S-1-5-21-1604173555-1041150481-2903404482-1124", "ObjectType": "User"}, {"ObjectIdentifier": "S-1-5-21-1604173555-1041150481-2903404482-1108", "ObjectType": "User"}, {"ObjectIdentifier": "S-1-5-21-1604173555-1041150481-2903404482-1110", "ObjectType": "User"}, {"ObjectIdentifier": "S-1-5-21-1604173555-1041150481-2903404482-1122", "ObjectType": "User"}, {"ObjectIdentifier": "S-1-5-21-1604173555-1041150481-2903404482-1114", "ObjectType": "User"}, {"ObjectIdentifier": "S-1-5-21-1604173555-1041150481-2903404482-1121", "ObjectType": "User"}, {"ObjectIdentifier": "S-1-5-21-1604173555-1041150481-2903404482-1118", "ObjectType": "User"}, {"ObjectIdentifier": "S-1-5-21-1604173555-1041150481-2903404482-1116", "ObjectType": "User"}, {"ObjectIdentifier": "S-1-5-21-1604173555-1041150481-2903404482-1123", "ObjectType": "User"}, {"ObjectIdentifier": "S-1-5-21-1604173555-1041150481-2903404482-1109", "ObjectType": "User"}, {"ObjectIdentifier": "S-1-5-21-1604173555-1041150481-2903404482-1107", "ObjectType": "User"}, {"ObjectIdentifier": "S-1-5-21-1604173555-1041150481-2903404482-1111", "ObjectType": "User"}, {"ObjectIdentifier": "S-1-5-21-1604173555-1041150481-2903404482-1105", "ObjectType": "User"}, {"ObjectIdentifier": "S-1-5-21-1604173555-1041150481-2903404482-1117", "ObjectType": "User"}, {"ObjectIdentifier": "S-1-5-21-1604173555-1041150481-2903404482-1106", "ObjectType": "User"}, {"ObjectIdentifier": "S-1-5-21-1604173555-1041150481-2903404482-1112", "ObjectType": "User"}, {"ObjectIdentifier": "S-1-5-21-1604173555-1041150481-2903404482-1115", "ObjectType": "User"}, {"ObjectIdentifier": "S-1-5-21-1604173555-1041150481-2903404482-1119", "ObjectType": "User"}, {"ObjectIdentifier": "S-1-5-21-1604173555-1041150481-2903404482-1120", "ObjectType": "User"}], "GPOChanges": {"AffectedComputers": [], "DcomUsers": [], "LocalAdmins": [], "PSRemoteUsers": [], "RemoteDesktopUsers": []}},{"ObjectIdentifier": "9E3B4386-E5A6-44C5-AA50-273C4433B13D", "Properties": {"domain": "RETRO2.VL", "name": "DOMAIN CONTROLLERS@RETRO2.VL", "distinguishedname": "OU=DOMAIN CONTROLLERS,DC=RETRO2,DC=VL", "domainsid": "S-1-5-21-1604173555-1041150481-2903404482", "highvalue": false, "blocksinheritance": false, "description": "Default container for domain controllers", "whencreated": 1723893840}, "IsDeleted": false, "IsACLProtected": false, "Aces": [{"RightName": "Owns", "IsInherited": false, "PrincipalSID": "S-1-5-21-1604173555-1041150481-2903404482-512", "PrincipalType": "Group"}, {"RightName": "GenericWrite", "IsInherited": false, "PrincipalSID": "S-1-5-21-1604173555-1041150481-2903404482-512", "PrincipalType": "Group"}, {"RightName": "WriteOwner", "IsInherited": false, "PrincipalSID": "S-1-5-21-1604173555-1041150481-2903404482-512", "PrincipalType": "Group"}, {"RightName": "WriteDacl", "IsInherited": false, "PrincipalSID": "S-1-5-21-1604173555-1041150481-2903404482-512", "PrincipalType": "Group"}, {"RightName": "GenericAll", "IsInherited": true, "PrincipalSID": "S-1-5-21-1604173555-1041150481-2903404482-519", "PrincipalType": "Group"}, {"RightName": "GenericWrite", "IsInherited": true, "PrincipalSID": "RETRO2.VL-S-1-5-32-544", "PrincipalType": "Group"}, {"RightName": "WriteOwner", "IsInherited": true, "PrincipalSID": "RETRO2.VL-S-1-5-32-544", "PrincipalType": "Group"}, {"RightName": "WriteDacl", "IsInherited": true, "PrincipalSID": "RETRO2.VL-S-1-5-32-544", "PrincipalType": "Group"}], "Links": [{"IsEnforced": true, "GUID": "D54515CC-F418-4C61-A92F-CC0EA291372D"}], "ChildObjects": [{"ObjectIdentifier": "S-1-5-21-1604173555-1041150481-2903404482-1001", "ObjectType": "Computer"}], "GPOChanges": {"AffectedComputers": [], "DcomUsers": [], "LocalAdmins": [], "PSRemoteUsers": [], "RemoteDesktopUsers": []}}],"meta":{"methods":0,"type":"ous","count":2, "version":5}}