{"data":[{"ObjectIdentifier": "D54515CC-F418-4C61-A92F-CC0EA291372D", "Properties": {"domain": "RETRO2.VL", "name": "DEFAULT DOMAIN CONTROLLERS POLICY@RETRO2.VL", "distinguishedname": "CN={6AC1786C-016F-11D2-945F-00C04FB984F9},CN=POLICIES,CN=SYSTEM,DC=RETRO2,DC=VL", "domainsid": "S-1-5-21-1604173555-1041150481-2903404482", "highvalue": false, "gpcpath": "\\\\RETRO2.VL\\SYSVOL\\RETRO2.VL\\POLICIES\\{6AC1786C-016F-11D2-945F-00C04FB984F9}", "description": "", "whencreated": 1723893840}, "IsDeleted": false, "IsACLProtected": true, "Aces": [{"RightName": "Owns", "IsInherited": false, "PrincipalSID": "S-1-5-21-1604173555-1041150481-2903404482-512", "PrincipalType": "Group"}, {"RightName": "GenericWrite", "IsInherited": false, "PrincipalSID": "S-1-5-21-1604173555-1041150481-2903404482-512", "PrincipalType": "Group"}, {"RightName": "WriteOwner", "IsInherited": false, "PrincipalSID": "S-1-5-21-1604173555-1041150481-2903404482-512", "PrincipalType": "Group"}, {"RightName": "WriteDacl", "IsInherited": false, "PrincipalSID": "S-1-5-21-1604173555-1041150481-2903404482-512", "PrincipalType": "Group"}, {"RightName": "GenericWrite", "IsInherited": false, "PrincipalSID": "S-1-5-21-1604173555-1041150481-2903404482-519", "PrincipalType": "Group"}, {"RightName": "WriteOwner", "IsInherited": false, "PrincipalSID": "S-1-5-21-1604173555-1041150481-2903404482-519", "PrincipalType": "Group"}, {"RightName": "WriteDacl", "IsInherited": false, "PrincipalSID": "S-1-5-21-1604173555-1041150481-2903404482-519", "PrincipalType": "Group"}, {"RightName": "GenericWrite", "IsInherited": false, "PrincipalSID": "S-1-5-21-1604173555-1041150481-2903404482-512", "PrincipalType": "Group"}, {"RightName": "WriteOwner", "IsInherited": false, "PrincipalSID": "S-1-5-21-1604173555-1041150481-2903404482-512", "PrincipalType": "Group"}, {"RightName": "WriteDacl", "IsInherited": false, "PrincipalSID": "S-1-5-21-1604173555-1041150481-2903404482-512", "PrincipalType": "Group"}]},{"ObjectIdentifier": "A13574B3-59B7-46D9-A18A-BBF310F57F87", "Properties": {"domain": "RETRO2.VL", "name": "DEFAULT DOMAIN POLICY@RETRO2.VL", "distinguishedname": "CN={31B2F340-016D-11D2-945F-00C04FB984F9},CN=POLICIES,CN=SYSTEM,DC=RETRO2,DC=VL", "domainsid": "S-1-5-21-1604173555-1041150481-2903404482", "highvalue": false, "gpcpath": "\\\\RETRO2.VL\\SYSVOL\\RETRO2.VL\\POLICIES\\{31B2F340-016D-11D2-945F-00C04FB984F9}", "description": "", "whencreated": 1723893840}, "IsDeleted": false, "IsACLProtected": true, "Aces": [{"RightName": "Owns", "IsInherited": false, "PrincipalSID": "S-1-5-21-1604173555-1041150481-2903404482-512", "PrincipalType": "Group"}, {"RightName": "GenericWrite", "IsInherited": false, "PrincipalSID": "S-1-5-21-1604173555-1041150481-2903404482-512", "PrincipalType": "Group"}, {"RightName": "WriteOwner", "IsInherited": false, "PrincipalSID": "S-1-5-21-1604173555-1041150481-2903404482-512", "PrincipalType": "Group"}, {"RightName": "WriteDacl", "IsInherited": false, "PrincipalSID": "S-1-5-21-1604173555-1041150481-2903404482-512", "PrincipalType": "Group"}, {"RightName": "GenericWrite", "IsInherited": false, "PrincipalSID": "S-1-5-21-1604173555-1041150481-2903404482-519", "PrincipalType": "Group"}, {"RightName": "WriteOwner", "IsInherited": false, "PrincipalSID": "S-1-5-21-1604173555-1041150481-2903404482-519", "PrincipalType": "Group"}, {"RightName": "WriteDacl", "IsInherited": false, "PrincipalSID": "S-1-5-21-1604173555-1041150481-2903404482-519", "PrincipalType": "Group"}, {"RightName": "GenericWrite", "IsInherited": false, "PrincipalSID": "S-1-5-21-1604173555-1041150481-2903404482-512", "PrincipalType": "Group"}, {"RightName": "WriteOwner", "IsInherited": false, "PrincipalSID": "S-1-5-21-1604173555-1041150481-2903404482-512", "PrincipalType": "Group"}, {"RightName": "WriteDacl", "IsInherited": false, "PrincipalSID": "S-1-5-21-1604173555-1041150481-2903404482-512", "PrincipalType": "Group"}]}],"meta":{"methods":0,"type":"gpos","count":2, "version":5}}